REGION	POS	REF	ALT	REF_DP	REF_RV	REF_QUAL	ALT_DP	ALT_RV	ALT_QUAL	ALT_FREQ	TOTAL_DP	PVAL	PASS	GFF_FEATURE	REF_CODON	REF_AA	ALT_CODON	ALT_AA	POS_AA	SRA
MP	102	G	A	41	11	40	16180	3869	39	0.997411	16222	0.0	True							SRR32974117
MP	245	G	A	2	1	34	26681	12153	40	0.999775	26687	0.0	True	M1:cds-XAJ25416.1	AGT	S	AAT	N	82	SRR32974117
MP	249	C	T	10	6	46	26261	11962	39	0.999543	26273	0.0	True							SRR32974117
MP	254	G	A	4	2	57	27619	13851	40	0.999747	27626	0.0	True	M1:cds-XAJ25416.1	AGT	S	AAT	N	85	SRR32974117
